id,user_id,name,email,phone,reservation_date,reservation_time,end_time,num_people,message,created_at,updated_at
1,25,Nadine Tjoa,ysullivan@yahoo.com,+62 81212278550,21/12/2024,14:00:00,16:00:00,5,Role together range line beyond its particularly.,15:38.6,15:38.6
2,33,Priscilla Tanuwijaya,trujilloana@gmail.com,+62 81286986363,21/12/2024,18:00:00,20:00:00,5,Draw whose sort language ball floor meet usually.,15:38.6,15:38.6
3,31,Ayu Leksmana,tamaramorrison@hotmail.com,+62 81294615930,21/12/2024,19:00:00,21:00:00,4,Attorney quickly candidate change although bag record stop raise study modern miss.,15:38.6,15:38.6
4,33,Hendra Wijaya,shannon51@yahoo.com,+62 81257435171,22/12/2024,20:00:00,22:00:00,3,Staff beyond chair recently and off travel move quite ago play.,15:38.6,15:38.6
5,49,Adrian Setiawan,johnsonandrew@gmail.com,+62 81275915278,22/12/2024,17:00:00,19:00:00,5,Go Congress mean always beyond write current grow rule.,15:38.6,15:38.6
6,35,Dewi purnamasari,kramereric@peterson.com,+62 81213297015,22/12/2024,20:00:00,22:00:00,3,Leader bad school name care several.,15:38.6,15:38.6
7,20,Livia Tan,paul61@wheeler.com,+62 81216034864,23/12/2024,18:00:00,20:00:00,2,Close ask reduce land those traditional.,15:38.6,15:38.6
8,44,mary winata,mary06@gmail.com,+62 81240303084,23/12/2024,19:00:00,21:00:00,9,Partner couple part cup few read consider little type physical against trial.,15:38.6,15:38.6
9,7,Oscar Huang,wigginsjoshua@gmail.com,+62 81218931531,23/12/2024,16:00:00,18:00:00,6,Policy head Mrs debate onto across character four smile responsibility full.,15:38.6,15:38.6
10,40,Cynthia Tjahjadi,ralph82@yahoo.com,+62 81256295520,23/12/2024,19:00:00,21:00:00,4,Increase between training listen subject wish gas look record.,15:38.6,15:38.6
11,36,Stephanie Suryadinata,courtneybennett@miller.com,+62 81228233576,23/12/2024,20:00:00,22:00:00,9,Institution happy write end since issue grow ask.,15:38.6,15:38.6
12,17,Kenneth Sutanto,davidsanders@gmail.com,+62 81270259310,24/12/2024,15:00:00,17:00:00,9,Nor point institution miss quickly thousand street.,15:38.6,15:38.6
13,1,Stephanie Suryadinata,janice55@warren.org,+62 81229066294,23/12/2024,19:00:00,21:00:00,7,American address such former claim chance prevent.,15:38.6,15:38.6
14,46,Ayunda Safira,gregorylinda@mooney.com,+62 81251869466,23/12/2024,09:00:00,11:00:00,1,Four management energy stay significant his himself clearly very.,15:38.6,15:38.6
15,40,Jessica Lim,fbutler@love.com,+62 81297117465,23/12/2024,09:00:00,11:00:00,6,Record power crime situation since book art.,15:38.6,15:38.6
16,16,Oscar Huang,kristina26@stark-brennan.com,+62 81264845482,23/12/2024,20:00:00,22:00:00,2,Occur democratic behavior standard thousand single recognize information figure box international not type.,15:38.6,15:38.6
17,13,Luna Luciana,moodyryan@johnson-calhoun.com,+62 81211292951,23/12/2024,10:00:00,12:00:00,4,Throw debate daughter purpose voice but according hard agency painting teacher cost both.,15:38.6,15:38.6
18,10,Stephanie Suryadinata,matthew44@fields.com,+62 81245398704,24/12/2024,15:00:00,17:00:00,2,Senior fact information animal car after back available inside.,15:38.6,15:38.6
19,6,Sheren Winata,dana13@yahoo.com,+62 81215628963,24/12/2024,10:00:00,12:00:00,9,Someone everybody newspaper read somebody land human should.,15:38.6,15:38.6
20,32,Gloria Susanto,steven17@phillips.info,+62 81264886165,24/12/2024,14:00:00,16:00:00,9,Myself if place again establish protect a huge.,15:38.6,15:38.6
21,19,Lily Aurora,justin39@gmail.com,+62 81232993593,24/12/2024,19:00:00,21:00:00,6,Team executive care mission decision black western myself scientist tough everything.,15:38.6,15:38.6
22,35,Adrian Setiawan,jamesbrittany@castro.com,+62 81277183257,24/12/2024,20:00:00,22:00:00,10,Democratic green hospital year suffer without rather bank we under house guess break.,15:38.6,15:38.6
23,36,Sharon Florida,donaldberry@gmail.com,+62 81293462486,24/12/2024,19:00:00,21:00:00,8,Model can travel know smile home southern.,15:38.6,15:38.6
24,6,Hendra Wijaya,bullockarthur@miller.com,+62 81220690095,24/12/2024,09:00:00,11:00:00,7,Recent program possible natural same issue lawyer effort little front amount apply glass face.,15:38.6,15:38.6
25,21,Oscar Huang,ogrant@lee-franklin.org,+62 81241860667,24/12/2024,18:00:00,20:00:00,5,Bag thank generation study economy rock feeling might his lot.,15:38.6,15:38.6
26,12,Jenie Maria,murrayjenny@stark.info,+62 81243124165,24/12/2024,20:00:00,22:00:00,3,Senior stop always Congress majority campaign that various floor itself news experience must.,15:38.6,15:38.6
27,3,joseph,joseph01@hotmail.com,+62 81232661858,24/12/2024,19:00:00,21:00:00,5,Brother say grow push region produce develop story drive.,15:38.6,15:38.6
28,31,Brandy Saputra,brandi20@hotmail.com,+62 81220534567,24/12/2024,19:00:00,21:00:00,3,Run staff service government opportunity pick too blue street.,15:38.6,15:38.6
29,10,Stephanie Suryadinata,angelamartin@lamb-mclaughlin.net,+62 81290245880,24/12/2024,20:00:00,22:00:00,2,Protect process difficult general class admit of around piece government make.,15:38.6,15:38.6
30,45,Gloria Susanto,nicholsonmichael@hotmail.com,+62 81293283465,24/12/2024,20:00:00,22:00:00,7,Source wonder relate service north but west commercial may perform product style.,15:38.6,15:38.6
31,46,Richard Kurniawan,sonyafrye@newton.net,+62 81230142185,24/12/2024,20:00:00,22:00:00,9,Future scene heavy personal threat many group public leader.,15:38.6,15:38.6
32,16,Jenny,linda60@yahoo.com,+62 81243886336,25/12/2024,09:00:00,11:00:00,10,Again science alone quite old simply.,15:38.6,15:38.6
33,27,Oscar Huang,qgood@gmail.com,+62 81260535341,25/12/2024,11:00:00,13:00:00,8,Staff north weight guy personal follow situation over would a cell analysis call.,15:38.6,15:38.6
34,32,Chandra F,chadboyle@yahoo.com,+62 81293988644,25/12/2024,19:00:00,21:00:00,6,Entire expect investment yard responsibility watch Mrs never wrong couple site.,15:38.6,15:38.6
35,6,Amelinda Setiadi,cward@gaines.com,+62 81276618290,25/12/2024,18:00:00,20:00:00,2,Continue serve information of door research tell time special.,15:38.6,15:38.6
36,32,Felix Gunawan,rwalters@kim-todd.com,+62 81258098959,25/12/2024,20:00:00,22:00:00,6,Let stop camera report foreign agency list miss among not girl above course.,15:38.6,15:38.6
37,13,Nadine Tjoa,philip24@lambert-larson.biz,+62 81230241249,25/12/2024,19:00:00,21:00:00,5,Ball company enter son foreign remember site.,15:38.6,15:38.6
38,8,Juliarto Kusuma,benjaminrichards@hotmail.com,+62 81241694856,25/12/2024,20:00:00,22:00:00,3,Bar military able simple billion parent now from her gun subject PM.,15:38.6,15:38.6
39,22,Muhammad Farhan,morgancathy@gutierrez.com,+62 81231781490,25/12/2024,15:00:00,17:00:00,1,Include air sort couple hold group but go computer pattern president.,15:38.6,15:38.6
40,7,Stella Cristalia,dmiller@hotmail.com,+62 81255318047,25/12/2024,19:00:00,21:00:00,4,Heavy church nature chair company TV.,15:38.6,15:38.6
41,3,Michael Santoso,webbpamela@hotmail.com,+62 81276077152,25/12/2024,20:00:00,22:00:00,9,Hit side class on reach responsibility commercial.,15:38.6,15:38.6
42,39,Leonardo Vincent,williamssara@carr.biz,+62 81211984264,25/12/2024,17:00:00,19:00:00,1,Authority imagine probably whom it job likely different house population however.,15:38.6,15:38.6
43,8,Nadine Tjoa,munozkimberly@gmail.com,+62 81281181301,25/12/2024,18:00:00,20:00:00,10,Require page claim future in opportunity you.,15:38.6,15:38.6
44,37,Nadine Tjoa,courtneymiranda@hotmail.com,+62 81283879940,25/12/2024,12:00:00,14:00:00,2,Road get car party close issue huge away represent race.,15:38.6,15:38.6
45,24,Yvonne Lauw,jaredperez@taylor.org,+62 81214688000,25/12/2024,18:00:00,20:00:00,10,They yeah get we memory who yet spend raise.,15:38.6,15:38.6
46,2,Vincentia Thalia,caitlinmorrison@rodriguez.biz,+62 81215140653,25/12/2024,18:00:00,20:00:00,2,Project speech director city necessary thus sister meet though.,15:38.6,15:38.6
47,31,Victor Ang,samuelsutton@yahoo.com,+62 81263024762,26/12/2024,10:00:00,12:00:00,1,Free medical lay lose big strategy make population line Congress must.,15:38.6,15:38.6
48,44,Gloria Susanto,ejones@long-benton.net,+62 81264194274,26/12/2024,19:00:00,21:00:00,7,Only cup almost identify record own research.,15:38.6,15:38.6
49,40,Leon,jenningsjohn@yahoo.com,+62 81276572669,26/12/2024,18:00:00,20:00:00,5,Team certainly explain current simply process sit executive partner story.,15:38.6,15:38.6
50,5,Chyntia Ayu,crystal56@howard-morales.com,+62 81212776128,26/12/2024,20:00:00,22:00:00,5,Body himself home message woman with not peace.,15:38.6,15:38.6
51,23,Samuel Jayadi,davislogan@gmail.com,+62 81214600117,26/12/2024,18:00:00,20:00:00,1,Him above bring painting various current.,15:38.6,15:38.6
52,33,Oscar Robert Immanuel,herrerasara@gmail.com,+62 81288115213,26/12/2024,20:00:00,22:00:00,10,Other begin war resource evening realize per.,15:38.6,15:38.6
53,7,Nadine Tjoa,robertmason@hotmail.com,+62 81237796219,26/12/2024,20:00:00,22:00:00,5,Effort bad measure star tell law go simple improve language thousand.,15:38.6,15:38.6
54,23,Oscar Huang,eallen@thomas-alexander.com,+62 81261817673,26/12/2024,12:00:00,14:00:00,10,Source she light question in court hospital skin soon which thought radio minute.,15:38.6,15:38.6
55,11,Abdul Muzakki,cynthiawilliamson@hotmail.com,+62 81238047443,26/12/2024,19:00:00,21:00:00,1,Analysis care kitchen purpose difference range.,15:38.6,15:38.6
56,44,Gloria Susanto,trevor32@yahoo.com,+62 81285972365,26/12/2024,18:00:00,20:00:00,3,West hour less music throughout region again.,15:38.6,15:38.6
57,22,Oscar Huang,cynthiayu@hotmail.com,+62 81242567474,26/12/2024,20:00:00,22:00:00,2,Daughter pay growth base age speak.,15:38.6,15:38.6
58,39,Syamsul Maâ€™arif,stevenrodriguez@yahoo.com,+62 81231817227,26/12/2024,19:00:00,21:00:00,3,Machine western month itself history the bring parent very card center all relationship.,15:38.6,15:38.6
59,1,Hendra Wijaya,kelly93@summers.net,+62 81254380227,26/12/2024,18:00:00,20:00:00,7,Western serious edge bit avoid yourself campaign alone subject development best.,15:38.6,15:38.6
60,37,Harris S,sharris@gonzales.com,+62 81288508337,26/12/2024,19:00:00,21:00:00,5,The site follow be add sound coach every cut.,15:38.6,15:38.6
61,42,Cantika ,millertiffany@yahoo.com,+62 81285815480,26/12/2024,19:00:00,21:00:00,5,Within president explain situation eat thousand might employee argue home.,15:38.6,15:38.6
62,10,Hendra Wijaya,berickson@yahoo.com,+62 81256248903,27/12/2024,11:00:00,13:00:00,1,Tough whether address senior moment buy east example.,15:38.6,15:38.6
63,30,Keisha O,jennadickerson@harris-hernandez.com,+62 81249082942,27/12/2024,20:00:00,22:00:00,1,Can street race seat model similar sometimes talk remember again leave toward current.,15:38.6,15:38.6
64,35,Nadine Tjoa,fgarcia@hotmail.com,+62 81253352652,27/12/2024,19:00:00,21:00:00,4,Throughout citizen drug decide animal take.,15:38.6,15:38.6
65,49,Yvonne Lauw,carolbeard@yahoo.com,+62 81264178098,27/12/2024,08:00:00,10:00:00,10,Southern very talk part fund feeling cause stand visit red forward table.,15:38.6,15:38.6
66,19,Stephanie Suryadinata,jacobrobinson@hotmail.com,+62 81232821774,27/12/2024,18:00:00,20:00:00,10,Lay practice appear role why learn attention cut billion.,15:38.6,15:38.6
67,41,christine ,christinesolomon@ward.com,+62 81228892318,27/12/2024,08:00:00,10:00:00,5,Site record should add mother good decade TV culture continue condition.,15:38.6,15:38.6
68,25,Lucyana ,brownphyllis@lucas.com,+62 81269309320,27/12/2024,11:00:00,13:00:00,2,Time back sound city blue else resource part instead.,15:38.6,15:38.6
69,1,Hendra Wijaya,robersonjulie@phillips-daniel.biz,+62 81255814705,27/12/2024,19:00:00,21:00:00,6,Six loss agree place cell reflect popular see different decide.,15:38.6,15:38.6
70,11,Nathania S,annwarner@yahoo.com,+62 81274479878,27/12/2024,18:00:00,20:00:00,8,Education idea across player appear similar audience act expect.,15:38.6,15:38.6
71,25,Elisabeth Catherine,adam52@lane-brown.com,+62 81292169805,27/12/2024,09:00:00,11:00:00,7,Himself idea lose international available despite popular stock memory challenge audience.,15:38.6,15:38.6
72,3,Kenneth Sutanto,annette57@vargas-flores.org,+62 81219428267,27/12/2024,09:00:00,11:00:00,10,Book itself people nation million born American grow wall conference especially low.,15:38.6,15:38.6
73,27,Stephanie Suryadinata,wnewton@lang.com,+62 81247407448,27/12/2024,21:00:00,23:00:00,1,Official within nothing tend pick mention hot happy far deep.,15:38.6,15:38.6
74,11,Jessica Lim,vallen@hotmail.com,+62 81281072263,27/12/2024,19:00:00,21:00:00,5,Group eat soon must toward family event dark such firm again court culture.,15:38.6,15:38.6
75,45,Hailey,haley65@hotmail.com,+62 81218494232,27/12/2024,20:00:00,22:00:00,9,Detail put risk yet so before wrong take old former.,15:38.6,15:38.6
76,32,Adi ,williamscody@collins.com,+62 81287804266,28/12/2024,19:00:00,21:00:00,1,Certainly pattern daughter carry successful imagine weight current open.,15:38.6,15:38.6
77,3,Gloria Susanto,roachholly@hotmail.com,+62 81277635426,28/12/2024,12:00:00,14:00:00,5,Five detail company first thing discuss power safe push country glass evening.,15:38.6,15:38.6
78,30,Richard Halim,thompsondaniel@hotmail.com,+62 81268336064,28/12/2024,11:00:00,13:00:00,7,Mention general television save himself call report must charge alone.,15:38.6,15:38.6
79,13,Eva Michella ,taylormyers@gmail.com,+62 81251795101,28/12/2024,20:00:00,22:00:00,2,Out image thought nature moment despite before.,15:38.6,15:38.6
80,47,Nadine Tjoa,pburke@chambers-ruiz.org,+62 81211830074,28/12/2024,18:00:00,20:00:00,7,Door line page structure face forget result.,15:38.6,15:38.6
81,44,Stephanie Suryadinata,serranomitchell@valdez.com,+62 81247640123,28/12/2024,20:00:00,22:00:00,1,Growth specific court yes miss interest.,15:38.6,15:38.6
82,14,Lily Aurora,robertsdonna@hotmail.com,+62 81282191750,28/12/2024,18:00:00,20:00:00,1,Walk cause trouble movie view stuff federal.,15:38.6,15:38.6
83,44,Oscar Huang,snyderabigail@valencia.org,+62 81255937874,28/12/2024,20:00:00,22:00:00,2,Civil market value during difficult religious push the ten will summer specific.,15:38.6,15:38.6
84,13,Kenneth Sutanto,cindy94@barnes.info,+62 81267941309,28/12/2024,14:00:00,16:00:00,4,Result easy mission laugh wind action economy official natural can forward notice mouth.,15:38.6,15:38.6
85,20,Hendra Wijaya,laurengreen@yahoo.com,+62 81210795584,28/12/2024,20:00:00,22:00:00,3,Life successful season crime study environment style remain cup they enter.,15:38.6,15:38.6
86,7,Yuli Kurniawan,clarkjose@valencia.com,+62 81298735048,29/12/2024,19:00:00,21:00:00,7,Once worry newspaper laugh benefit wear modern red pressure down.,15:38.6,15:38.6
87,41,Sabrina Nicole Tan,kevinrose@hotmail.com,+62 81258444749,29/12/2024,18:00:00,20:00:00,5,Visit hundred billion blue right fine boy sing.,15:38.6,15:38.6
,,,,,,,,,,,
,,,,,,,,,,,
,,,,,,,,,,,
,,,,,,,,,,,
,,,,,,,,,,,
,,,,,,,,,,,
,,,,,,,,,,,
,,,,,,,,,,,
,,,,,,,,,,,
,,,,,,,,,,,
,,,,,,,,,,,
,,,,,,,,,,,
,,,,,,,,,,,
,,,,,,,,,,,
,,,,,,,,,,,
,,,,,,,,,,,
,,,,,,,,,,,
,,,,,,,,,,,
,,,,,,,,,,,
,,,,,,,,,,,
,,,,,,,,,,,
,,,,,,,,,,,
,,,,,,,,,,,
,,,,,,,,,,,
,,,,,,,,,,,
,,,,,,,,,,,
,,,,,,,,,,,
,,,,,,,,,,,
,,,,,,,,,,,
,,,,,,,,,,,
,,,,,,,,,,,
,,,,,,,,,,,
,,,,,,,,,,,
,,,,,,,,,,,
,,,,,,,,,,,
,,,,,,,,,,,
,,,,,,,,,,,
,,,,,,,,,,,
,,,,,,,,,,,
,,,,,,,,,,,
,,,,,,,,,,,
,,,,,,,,,,,
,,,,,,,,,,,
,,,,,,,,,,,
,,,,,,,,,,,
,,,,,,,,,,,
,,,,,,,,,,,
,,,,,,,,,,,
,,,,,,,,,,,
,,,,,,,,,,,
,,,,,,,,,,,
,,,,,,,,,,,
,,,,,,,,,,,
,,,,,,,,,,,
,,,,,,,,,,,
,,,,,,,,,,,
,,,,,,,,,,,
,,,,,,,,,,,
,,,,,,,,,,,
,,,,,,,,,,,
,,,,,,,,,,,
,,,,,,,,,,,
,,,,,,,,,,,
,,,,,,,,,,,
,,,,,,,,,,,
,,,,,,,,,,,
,,,,,,,,,,,
,,,,,,,,,,,
,,,,,,,,,,,
,,,,,,,,,,,
,,,,,,,,,,,
,,,,,,,,,,,
,,,,,,,,,,,
,,,,,,,,,,,
,,,,,,,,,,,
,,,,,,,,,,,
,,,,,,,,,,,
,,,,,,,,,,,
,,,,,,,,,,,
,,,,,,,,,,,
,,,,,,,,,,,
,,,,,,,,,,,
,,,,,,,,,,,
,,,,,,,,,,,
,,,,,,,,,,,
,,,,,,,,,,,
,,,,,,,,,,,
,,,,,,,,,,,
,,,,,,,,,,,
,,,,,,,,,,,
,,,,,,,,,,,
,,,,,,,,,,,
,,,,,,,,,,,
,,,,,,,,,,,
,,,,,,,,,,,
,,,,,,,,,,,
,,,,,,,,,,,
,,,,,,,,,,,
,,,,,,,,,,,
,,,,,,,,,,,
,,,,,,,,,,,
,,,,,,,,,,,
,,,,,,,,,,,
,,,,,,,,,,,
,,,,,,,,,,,
,,,,,,,,,,,
,,,,,,,,,,,
,,,,,,,,,,,
,,,,,,,,,,,
,,,,,,,,,,,
,,,,,,,,,,,
,,,,,,,,,,,
,,,,,,,,,,,
,,,,,,,,,,,
,,,,,,,,442,,,
,,,,,,,,2.21,,,