id,user_id,name,email,phone,reservation_date,reservation_time,end_time,num_people,message,created_at,updated_at
1,9,Daniel Gunawan,daniel.gunawan@example.com,+62 8123660808,2025-01-30,20:00:00,22:00:00,4,Beautiful culture bit then view recent. Baby record others buy.,2025-01-06 08:15:38.601134,2025-01-06 08:15:38.601135
2,9,Daniel Gunawan,daniel.gunawan@example.com,+62 8123996130,2025-01-31,19:00:00,21:00:00,7,"Such score movie sit. Mention particular hope.
Wind explain base decide seem play.",2025-01-06 08:15:38.601205,2025-01-06 08:15:38.601205
3,1,Kevin Harsono,kevin.harsono@example.com,+62 8123106776,2025-01-27,18:00:00,20:00:00,10,Student war debate method. Recently size magazine lay air do.,2025-01-06 08:15:38.601262,2025-01-06 08:15:38.601263
4,2,Michelle Tan,michelle.tan@example.com,+62 8123236086,2025-01-28,15:00:00,17:00:00,1,Force none allow her. Realize painting become avoid more surface.,2025-01-06 08:15:38.601370,2025-01-06 08:15:38.601371
5,3,Jason Widjaja,jason.widjaja@example.com,+62 8123525274,2025-02-03,09:00:00,11:00:00,1,Food live sea hot major skin. Arm want wide alone. Nature central follow discover red city.,2025-01-06 08:15:38.601457,2025-01-06 08:15:38.601458
6,4,Sophia Lim,sophia.lim@example.com,+62 8123962428,2025-01-31,18:00:00,20:00:00,7,Skin article free admit explain. Challenge month whole.,2025-01-06 08:15:38.601503,2025-01-06 08:15:38.601504
7,2,Michelle Tan,michelle.tan@example.com,+62 8123248297,2025-01-21,13:00:00,15:00:00,2,Score rule very. Through job evening know field business at.,2025-01-06 08:15:38.601547,2025-01-06 08:15:38.601548
8,9,Daniel Gunawan,daniel.gunawan@example.com,+62 8123929579,2025-01-20,10:00:00,12:00:00,4,Defense level end free rich. Thought natural or street record.,2025-01-06 08:15:38.601605,2025-01-06 08:15:38.601605
9,5,William Tjoa,william.tjoa@example.com,+62 8123751071,2025-01-27,14:00:00,16:00:00,7,Reality citizen consider reach field. Case him top food material view.,2025-01-06 08:15:38.601647,2025-01-06 08:15:38.601647
10,10,Grace Santoso,grace.santoso@example.com,+62 8123381826,2025-01-09,12:00:00,14:00:00,9,General check our officer. Citizen green rise pick.,2025-01-06 08:15:38.601709,2025-01-06 08:15:38.601709
11,3,Jason Widjaja,jason.widjaja@example.com,+62 8123347708,2025-01-08,11:00:00,13:00:00,10,Personal establish red race author.,2025-01-06 08:15:38.601743,2025-01-06 08:15:38.601744
12,7,Steven Huang,steven.huang@example.com,+62 8123813247,2025-02-03,17:00:00,19:00:00,6,Whether well both once institution foreign performance teacher. Effect rather job.,2025-01-06 08:15:38.601968,2025-01-06 08:15:38.601969
13,6,Angela Setiawan,angela.setiawan@example.com,+62 8123452922,2025-01-21,16:00:00,18:00:00,3,Beautiful reflect off also. Bill family mouth.,2025-01-06 08:15:38.602044,2025-01-06 08:15:38.602046
14,10,Grace Santoso,grace.santoso@example.com,+62 8123593341,2025-01-08,10:00:00,12:00:00,5,Young class get. What enjoy practice economic address. Smile piece trouble age dog.,2025-01-06 08:15:38.602116,2025-01-06 08:15:38.602116
15,10,Grace Santoso,grace.santoso@example.com,+62 8123489717,2025-01-25,12:00:00,14:00:00,7,Although pass responsibility coach anything.,2025-01-06 08:15:38.602179,2025-01-06 08:15:38.602180
16,6,Angela Setiawan,angela.setiawan@example.com,+62 8123776264,2025-01-29,19:00:00,21:00:00,10,Travel bring apply like late chance. The clearly success customer memory real citizen father.,2025-01-06 08:15:38.602241,2025-01-06 08:15:38.602241
17,3,Jason Widjaja,jason.widjaja@example.com,+62 8123495665,2025-02-03,20:00:00,22:00:00,6,Into visit at positive four arrive think husband. Produce their recently name group strategy.,2025-01-06 08:15:38.602304,2025-01-06 08:15:38.602304
18,2,Michelle Tan,michelle.tan@example.com,+62 8123799053,2025-01-17,09:00:00,11:00:00,6,Third similar guy Mrs. Particularly daughter every result.,2025-01-06 08:15:38.602356,2025-01-06 08:15:38.602356
19,9,Daniel Gunawan,daniel.gunawan@example.com,+62 8123550589,2025-01-15,10:00:00,12:00:00,4,Avoid none industry hit resource nor far. Marriage store process assume audience realize.,2025-01-06 08:15:38.602393,2025-01-06 08:15:38.602394
20,5,William Tjoa,william.tjoa@example.com,+62 8123635663,2025-02-03,16:00:00,18:00:00,2,Subject list lot. Discover fight suggest collection former four. Back unit tend consumer less.,2025-01-06 08:15:38.602453,2025-01-06 08:15:38.602454
21,6,Angela Setiawan,angela.setiawan@example.com,+62 8123710730,2025-01-06,12:00:00,14:00:00,5,Cup from grow generation there open music. How go wrong however. Conference network south loss.,2025-01-06 08:15:38.602507,2025-01-06 08:15:38.602507
22,8,Cindy Kusuma,cindy.kusuma@example.com,+62 8123640772,2025-01-21,10:00:00,12:00:00,5,Drug high others go accept. Here kind buy student idea.,2025-01-06 08:15:38.602544,2025-01-06 08:15:38.602544
23,3,Jason Widjaja,jason.widjaja@example.com,+62 8123504130,2025-01-26,10:00:00,12:00:00,9,Important against early citizen newspaper possible store. Various teach art adult let also.,2025-01-06 08:15:38.602665,2025-01-06 08:15:38.602665
24,2,Michelle Tan,michelle.tan@example.com,+62 8123250900,2025-02-03,17:00:00,19:00:00,3,Degree along option. Together new instead treatment. Far life something arm tough later evening.,2025-01-06 08:15:38.602731,2025-01-06 08:15:38.602732
25,10,Grace Santoso,grace.santoso@example.com,+62 8123652510,2025-01-22,18:00:00,20:00:00,2,Available positive ok structure meeting soldier. Personal everything admit after anything.,2025-01-06 08:15:38.602768,2025-01-06 08:15:38.602768
26,2,Michelle Tan,michelle.tan@example.com,+62 8123132105,2025-01-30,09:00:00,11:00:00,4,Whole message mean something sense say race. Value both community chair.,2025-01-06 08:15:38.602805,2025-01-06 08:15:38.602806
27,9,Daniel Gunawan,daniel.gunawan@example.com,+62 8123338095,2025-01-31,18:00:00,20:00:00,4,Politics special dinner research parent. Wide risk nor not style open.,2025-01-06 08:15:38.602862,2025-01-06 08:15:38.602863
28,5,William Tjoa,william.tjoa@example.com,+62 8123178929,2025-01-22,11:00:00,13:00:00,1,Student let admit ground style. Test trip compare of different.,2025-01-06 08:15:38.602945,2025-01-06 08:15:38.602946
29,1,Kevin Harsono,kevin.harsono@example.com,+62 8123358223,2025-02-01,16:00:00,18:00:00,5,Medical meeting skill finish. Feeling nice give.,2025-01-06 08:15:38.602981,2025-01-06 08:15:38.602981
30,1,Kevin Harsono,kevin.harsono@example.com,+62 8123977305,2025-01-15,19:00:00,21:00:00,2,So discussion early science notice dark. Manager end accept which strong stand scene.,2025-01-06 08:15:38.603041,2025-01-06 08:15:38.603041
31,9,Daniel Gunawan,daniel.gunawan@example.com,+62 8123913822,2025-01-25,15:00:00,17:00:00,7,Want know education raise control.,2025-01-06 08:15:38.603076,2025-01-06 08:15:38.603077
32,2,Michelle Tan,michelle.tan@example.com,+62 8123835216,2025-01-21,12:00:00,14:00:00,10,Deep rise agreement success seat teach himself. Tax father century compare season.,2025-01-06 08:15:38.603151,2025-01-06 08:15:38.603152
33,6,Angela Setiawan,angela.setiawan@example.com,+62 8123647398,2025-02-02,13:00:00,15:00:00,10,Kid military benefit. War bar through tree travel hotel professional.,2025-01-06 08:15:38.603215,2025-01-06 08:15:38.603216
34,8,Cindy Kusuma,cindy.kusuma@example.com,+62 8123891756,2025-01-10,17:00:00,19:00:00,6,Need challenge own fire surface serve call. Support television wind single sport.,2025-01-06 08:15:38.603254,2025-01-06 08:15:38.603255
35,8,Cindy Kusuma,cindy.kusuma@example.com,+62 8123428977,2025-01-09,19:00:00,21:00:00,8,Speech heart since. Group tax nothing television class. Republican which community international.,2025-01-06 08:15:38.603320,2025-01-06 08:15:38.603321
36,3,Jason Widjaja,jason.widjaja@example.com,+62 8123589118,2025-01-09,19:00:00,21:00:00,8,Money born food exactly student modern. Music likely and but tax. Be especially indicate.,2025-01-06 08:15:38.603359,2025-01-06 08:15:38.603360
37,2,Michelle Tan,michelle.tan@example.com,+62 8123395307,2025-01-24,14:00:00,16:00:00,6,How beautiful test alone country medical economic. Rather month event describe.,2025-01-06 08:15:38.603413,2025-01-06 08:15:38.603413
38,7,Steven Huang,steven.huang@example.com,+62 8123814692,2025-01-30,12:00:00,14:00:00,7,Image free raise build left option. Often defense trial.,2025-01-06 08:15:38.603490,2025-01-06 08:15:38.603490
39,5,William Tjoa,william.tjoa@example.com,+62 8123236361,2025-01-30,20:00:00,22:00:00,10,Set interview begin. Lead myself see condition fight. Deep job realize teach call.,2025-01-06 08:15:38.603621,2025-01-06 08:15:38.603622
40,4,Sophia Lim,sophia.lim@example.com,+62 8123612347,2025-01-10,14:00:00,16:00:00,7,Benefit military impact actually. Sing professional wall health. Improve take thank western.,2025-01-06 08:15:38.603681,2025-01-06 08:15:38.603682
41,2,Michelle Tan,michelle.tan@example.com,+62 8123461542,2025-01-16,12:00:00,14:00:00,10,Cut business democratic tell. Knowledge technology teacher cold.,2025-01-06 08:15:38.603758,2025-01-06 08:15:38.603758
42,5,William Tjoa,william.tjoa@example.com,+62 8123634995,2025-01-28,13:00:00,15:00:00,7,Difficult if fill church director budget. Quickly role recognize middle hear.,2025-01-06 08:15:38.603791,2025-01-06 08:15:38.603792
43,9,Daniel Gunawan,daniel.gunawan@example.com,+62 8123332872,2025-01-18,16:00:00,18:00:00,5,Defense everybody clear. Sign thousand at hair mother development trip. Choice in act rich step.,2025-01-06 08:15:38.603855,2025-01-06 08:15:38.603855
44,1,Kevin Harsono,kevin.harsono@example.com,+62 8123666359,2025-01-11,13:00:00,15:00:00,9,Enough full cold build. Least opportunity stand keep market less.,2025-01-06 08:15:38.603909,2025-01-06 08:15:38.603909
45,8,Cindy Kusuma,cindy.kusuma@example.com,+62 8123880297,2025-01-19,13:00:00,15:00:00,2,Debate eight right manager. Nature the style cut. Listen I billion push travel or.,2025-01-06 08:15:38.603948,2025-01-06 08:15:38.603948
46,7,Steven Huang,steven.huang@example.com,+62 8123329809,2025-02-01,13:00:00,15:00:00,9,Usually sometimes while man child few. Show stage room. Mouth fall development.,2025-01-06 08:15:38.604007,2025-01-06 08:15:38.604007
47,4,Sophia Lim,sophia.lim@example.com,+62 8123722399,2025-01-29,16:00:00,18:00:00,10,Southern think responsibility company claim enter a. Enter whose consumer.,2025-01-06 08:15:38.604043,2025-01-06 08:15:38.604043
48,7,Steven Huang,steven.huang@example.com,+62 8123446581,2025-01-09,20:00:00,22:00:00,10,Cold upon four popular short. Seat painting hit front. Interesting pattern cover cost.,2025-01-06 08:15:38.604092,2025-01-06 08:15:38.604092
49,2,Michelle Tan,michelle.tan@example.com,+62 8123641691,2025-01-20,14:00:00,16:00:00,2,Account then analysis level them. Be girl trip take hour.,2025-01-06 08:15:38.604129,2025-01-06 08:15:38.604129
50,1,Kevin Harsono,kevin.harsono@example.com,+62 8123640687,2025-01-13,10:00:00,12:00:00,6,"Upon imagine current son. Family article see early. His right site.
Detail improve option say.",2025-01-06 08:15:38.604173,2025-01-06 08:15:38.604173
51,9,Daniel Gunawan,daniel.gunawan@example.com,+62 8123289959,2025-01-25,18:00:00,20:00:00,9,End four almost different day brother. Account wall science. Size compare along option system cell.,2025-01-06 08:15:38.604236,2025-01-06 08:15:38.604237
52,7,Steven Huang,steven.huang@example.com,+62 8123483385,2025-01-27,09:00:00,11:00:00,1,Majority somebody radio market poor not. Data concern medical Congress.,2025-01-06 08:15:38.604273,2025-01-06 08:15:38.604274
53,3,Jason Widjaja,jason.widjaja@example.com,+62 8123489141,2025-01-08,17:00:00,19:00:00,4,Visit young world firm. Risk when card class be real fear.,2025-01-06 08:15:38.604429,2025-01-06 08:15:38.604430
54,1,Kevin Harsono,kevin.harsono@example.com,+62 8123568403,2025-01-07,17:00:00,19:00:00,4,Will her case community president effect edge. Tv until get serious yet want stand.,2025-01-06 08:15:38.604469,2025-01-06 08:15:38.604469
55,7,Steven Huang,steven.huang@example.com,+62 8123383776,2025-02-05,11:00:00,13:00:00,7,Institution two adult with some. So culture test understand son.,2025-01-06 08:15:38.604505,2025-01-06 08:15:38.604505
56,2,Michelle Tan,michelle.tan@example.com,+62 8123502832,2025-01-13,17:00:00,19:00:00,2,Beat itself yeah less player. Word can stage expect majority push enjoy.,2025-01-06 08:15:38.604556,2025-01-06 08:15:38.604557
57,1,Kevin Harsono,kevin.harsono@example.com,+62 8123840315,2025-01-13,14:00:00,16:00:00,5,Staff both then him board whose. Half occur hundred fish them card any. Others any stand view.,2025-01-06 08:15:38.604612,2025-01-06 08:15:38.604613
58,1,Kevin Harsono,kevin.harsono@example.com,+62 8123860408,2025-01-12,18:00:00,20:00:00,2,By western let back subject. Concern blue report score all resource.,2025-01-06 08:15:38.604684,2025-01-06 08:15:38.604685
59,5,William Tjoa,william.tjoa@example.com,+62 8123452655,2025-02-02,14:00:00,16:00:00,2,Beyond cold billion officer down wide image. Call will purpose building major who.,2025-01-06 08:15:38.604739,2025-01-06 08:15:38.604740
60,6,Angela Setiawan,angela.setiawan@example.com,+62 8123215257,2025-01-12,18:00:00,20:00:00,9,Old network oil ground. Measure matter language degree hope.,2025-01-06 08:15:38.604781,2025-01-06 08:15:38.604782
61,7,Steven Huang,steven.huang@example.com,+62 8123709475,2025-01-06,16:00:00,18:00:00,3,"Clearly key week.
Attorney chair wind produce.",2025-01-06 08:15:38.604834,2025-01-06 08:15:38.604834
62,6,Angela Setiawan,angela.setiawan@example.com,+62 8123493390,2025-01-24,11:00:00,13:00:00,2,Customer allow interview. Third serve energy. Chair coach paper answer value.,2025-01-06 08:15:38.604894,2025-01-06 08:15:38.604895
63,3,Jason Widjaja,jason.widjaja@example.com,+62 8123292721,2025-01-11,09:00:00,11:00:00,2,Doctor government say heavy board present lead.,2025-01-06 08:15:38.605010,2025-01-06 08:15:38.605010
64,10,Grace Santoso,grace.santoso@example.com,+62 8123607562,2025-01-23,18:00:00,20:00:00,10,Ready level set employee simply natural center leader.,2025-01-06 08:15:38.605065,2025-01-06 08:15:38.605066
65,4,Sophia Lim,sophia.lim@example.com,+62 8123728297,2025-01-07,16:00:00,18:00:00,8,Poor thing again those. Follow civil hear perhaps.,2025-01-06 08:15:38.605136,2025-01-06 08:15:38.605136
66,4,Sophia Lim,sophia.lim@example.com,+62 8123589146,2025-01-08,14:00:00,16:00:00,2,Carry three no third. Wide value knowledge all behavior.,2025-01-06 08:15:38.605205,2025-01-06 08:15:38.605206
67,6,Angela Setiawan,angela.setiawan@example.com,+62 8123995686,2025-01-21,12:00:00,14:00:00,4,Last hundred south character drive key concern each. Inside physical happy American herself cut.,2025-01-06 08:15:38.605318,2025-01-06 08:15:38.605319
68,8,Cindy Kusuma,cindy.kusuma@example.com,+62 8123901649,2025-01-06,17:00:00,19:00:00,5,Anything to food for prevent. Team stop choose moment catch person.,2025-01-06 08:15:38.605397,2025-01-06 08:15:38.605397
69,5,William Tjoa,william.tjoa@example.com,+62 8123348019,2025-01-13,13:00:00,15:00:00,4,White mind carry throughout form. Inside peace bit know dream foot voice ok. Behind it Republican.,2025-01-06 08:15:38.605444,2025-01-06 08:15:38.605444
70,4,Sophia Lim,sophia.lim@example.com,+62 8123797921,2025-01-07,14:00:00,16:00:00,3,Shoulder event raise leg manager summer lay. Expert their activity happy care new.,2025-01-06 08:15:38.605496,2025-01-06 08:15:38.605496
71,7,Steven Huang,steven.huang@example.com,+62 8123711988,2025-01-25,20:00:00,22:00:00,6,Economic always near. Respond sister green shoulder seem financial.,2025-01-06 08:15:38.605537,2025-01-06 08:15:38.605537
72,7,Steven Huang,steven.huang@example.com,+62 8123284850,2025-01-29,18:00:00,20:00:00,10,Subject movie control national well purpose society. Actually draw especially national.,2025-01-06 08:15:38.605568,2025-01-06 08:15:38.605568
73,2,Michelle Tan,michelle.tan@example.com,+62 8123556696,2025-01-30,12:00:00,14:00:00,7,Mrs establish enough church sit agency risk. Onto cause act challenge.,2025-01-06 08:15:38.605603,2025-01-06 08:15:38.605603
74,5,William Tjoa,william.tjoa@example.com,+62 8123175363,2025-01-30,11:00:00,13:00:00,5,Too act project save debate time. Bed one whatever rich foot. Natural yourself provide mention.,2025-01-06 08:15:38.605657,2025-01-06 08:15:38.605657
75,4,Sophia Lim,sophia.lim@example.com,+62 8123219253,2025-01-18,13:00:00,15:00:00,10,What summer cause option including after almost create. Tv PM again general.,2025-01-06 08:15:38.605706,2025-01-06 08:15:38.605707
76,2,Michelle Tan,michelle.tan@example.com,+62 8123348150,2025-01-18,19:00:00,21:00:00,6,Rest dinner affect serious me.,2025-01-06 08:15:38.605739,2025-01-06 08:15:38.605739
77,7,Steven Huang,steven.huang@example.com,+62 8123245353,2025-01-09,14:00:00,16:00:00,2,Hit brother simple only believe medical early do. Administration part individual make seat cold.,2025-01-06 08:15:38.605775,2025-01-06 08:15:38.605775
78,8,Cindy Kusuma,cindy.kusuma@example.com,+62 8123706909,2025-01-11,16:00:00,18:00:00,5,Collection score create stock everything budget way. Family able manage government ok.,2025-01-06 08:15:38.605821,2025-01-06 08:15:38.605821
79,8,Cindy Kusuma,cindy.kusuma@example.com,+62 8123282650,2025-01-06,15:00:00,17:00:00,2,Beautiful phone take side. Seek body month help. Number accept expert.,2025-01-06 08:15:38.605878,2025-01-06 08:15:38.605878
80,8,Cindy Kusuma,cindy.kusuma@example.com,+62 8123940838,2025-02-04,19:00:00,21:00:00,2,Use rock guy boy role down. Worry story build level throw.,2025-01-06 08:15:38.605913,2025-01-06 08:15:38.605913
81,6,Angela Setiawan,angela.setiawan@example.com,+62 8123933728,2025-01-31,16:00:00,18:00:00,6,Bill sure east growth manager enough visit. Air get produce in lawyer be despite.,2025-01-06 08:15:38.605988,2025-01-06 08:15:38.605988
82,4,Sophia Lim,sophia.lim@example.com,+62 8123712722,2025-01-21,10:00:00,12:00:00,1,Rest require community ability sometimes close exist. Shoulder hospital such age man.,2025-01-06 08:15:38.606024,2025-01-06 08:15:38.606024
83,3,Jason Widjaja,jason.widjaja@example.com,+62 8123417887,2025-01-24,18:00:00,20:00:00,8,Between while process candidate. Also carry break medical.,2025-01-06 08:15:38.606076,2025-01-06 08:15:38.606076
84,6,Angela Setiawan,angela.setiawan@example.com,+62 8123864658,2025-01-18,15:00:00,17:00:00,4,Couple rest ground eat worry. Necessary surface action goal produce. Year thing behind catch.,2025-01-06 08:15:38.606449,2025-01-06 08:15:38.606452
85,1,Kevin Harsono,kevin.harsono@example.com,+62 8123838924,2025-01-28,20:00:00,22:00:00,2,Start push history dark like in financial thus.,2025-01-06 08:15:38.606535,2025-01-06 08:15:38.606536
86,6,Angela Setiawan,angela.setiawan@example.com,+62 8123589503,2025-01-12,12:00:00,14:00:00,9,Go able finally coach very.,2025-01-06 08:15:38.606642,2025-01-06 08:15:38.606642
87,7,Steven Huang,steven.huang@example.com,+62 8123863024,2025-01-22,19:00:00,21:00:00,7,Minute then husband south east first east. Goal a half year continue during.,2025-01-06 08:15:38.606726,2025-01-06 08:15:38.606727
88,10,Grace Santoso,grace.santoso@example.com,+62 8123762822,2025-01-16,17:00:00,19:00:00,6,Past forget event. Game institution myself no.,2025-01-06 08:15:38.606817,2025-01-06 08:15:38.606818
89,6,Angela Setiawan,angela.setiawan@example.com,+62 8123322061,2025-01-23,16:00:00,18:00:00,4,Positive table state table pick. Fight hair politics.,2025-01-06 08:15:38.606859,2025-01-06 08:15:38.606859
90,3,Jason Widjaja,jason.widjaja@example.com,+62 8123827225,2025-01-24,10:00:00,12:00:00,6,Often fast account security vote decide. Like cover try enough me.,2025-01-06 08:15:38.606911,2025-01-06 08:15:38.606912
91,1,Kevin Harsono,kevin.harsono@example.com,+62 8123136033,2025-01-09,20:00:00,22:00:00,1,President beat hand least which. Base listen pick hair. Set clearly force every.,2025-01-06 08:15:38.606979,2025-01-06 08:15:38.606979
92,7,Steven Huang,steven.huang@example.com,+62 8123799678,2025-01-12,15:00:00,17:00:00,10,Case run two once. Large player parent. Drive yard involve head minute around during those.,2025-01-06 08:15:38.607091,2025-01-06 08:15:38.607092
93,5,William Tjoa,william.tjoa@example.com,+62 8123465052,2025-01-08,11:00:00,13:00:00,10,Message value know thing option. Behavior term rule only model every your.,2025-01-06 08:15:38.607168,2025-01-06 08:15:38.607169
94,1,Kevin Harsono,kevin.harsono@example.com,+62 8123584200,2025-01-21,15:00:00,17:00:00,2,Audience change office level. Early surface whether. Beat describe prepare recent.,2025-01-06 08:15:38.607244,2025-01-06 08:15:38.607245
95,6,Angela Setiawan,angela.setiawan@example.com,+62 8123362816,2025-02-02,20:00:00,22:00:00,2,"Character her action lay.
Listen son administration become. Value show five rest data.",2025-01-06 08:15:38.607342,2025-01-06 08:15:38.607343
96,4,Sophia Lim,sophia.lim@example.com,+62 8123718763,2025-02-05,12:00:00,14:00:00,9,Bill summer country heart lead company house. Mother turn among begin reach.,2025-01-06 08:15:38.607383,2025-01-06 08:15:38.607383
97,5,William Tjoa,william.tjoa@example.com,+62 8123386637,2025-01-31,20:00:00,22:00:00,9,Never technology choice house. Onto attack quickly wind boy enjoy. Time without across.,2025-01-06 08:15:38.607435,2025-01-06 08:15:38.607437
98,10,Grace Santoso,grace.santoso@example.com,+62 8123600442,2025-01-24,14:00:00,16:00:00,4,Power instead day team history threat. Already box history hot court new field summer.,2025-01-06 08:15:38.607518,2025-01-06 08:15:38.607519
99,8,Cindy Kusuma,cindy.kusuma@example.com,+62 8123745792,2025-01-13,20:00:00,22:00:00,6,Decide physical finish your. Responsibility official gun industry.,2025-01-06 08:15:38.607563,2025-01-06 08:15:38.607563
100,2,Michelle Tan,michelle.tan@example.com,+62 8123951608,2025-01-09,13:00:00,15:00:00,1,Find painting will ground might. Debate off war find hit. Rich daughter beat.,2025-01-06 08:15:38.607622,2025-01-06 08:15:38.607623
101,8,Cindy Kusuma,cindy.kusuma@example.com,+62 8123155653,2025-01-10,16:00:00,18:00:00,4,Teach teach news find prove fish election. World six above building.,2025-01-06 08:15:38.607666,2025-01-06 08:15:38.607667
102,7,Steven Huang,steven.huang@example.com,+62 8123237350,2025-01-25,19:00:00,21:00:00,3,Rest whether decade most idea. New relate occur something always.,2025-01-06 08:15:38.607765,2025-01-06 08:15:38.607766
103,6,Angela Setiawan,angela.setiawan@example.com,+62 8123531416,2025-01-23,10:00:00,12:00:00,1,Despite forward source memory gas detail good. Two type option year government.,2025-01-06 08:15:38.607813,2025-01-06 08:15:38.607814
104,8,Cindy Kusuma,cindy.kusuma@example.com,+62 8123696298,2025-02-03,10:00:00,12:00:00,7,Response rise sport other hair by evidence main. Place coach believe moment the enter product.,2025-01-06 08:15:38.607890,2025-01-06 08:15:38.607891
105,4,Sophia Lim,sophia.lim@example.com,+62 8123775420,2025-01-28,16:00:00,18:00:00,7,Question stand story.,2025-01-06 08:15:38.607942,2025-01-06 08:15:38.607942
106,10,Grace Santoso,grace.santoso@example.com,+62 8123321742,2025-01-28,12:00:00,14:00:00,10,Second season city cut. Never more condition. Tell class political state forward paper brother.,2025-01-06 08:15:38.608028,2025-01-06 08:15:38.608029
107,7,Steven Huang,steven.huang@example.com,+62 8123509924,2025-01-31,20:00:00,22:00:00,7,Interview between radio early article. Room common standard power.,2025-01-06 08:15:38.608097,2025-01-06 08:15:38.608098
108,8,Cindy Kusuma,cindy.kusuma@example.com,+62 8123698988,2025-01-16,12:00:00,14:00:00,8,Economic later water time. Story partner away.,2025-01-06 08:15:38.608142,2025-01-06 08:15:38.608143
109,3,Jason Widjaja,jason.widjaja@example.com,+62 8123562091,2025-01-23,18:00:00,20:00:00,2,Very pick federal majority. Weight least high while Democrat.,2025-01-06 08:15:38.608193,2025-01-06 08:15:38.608193
110,1,Kevin Harsono,kevin.harsono@example.com,+62 8123819346,2025-01-21,17:00:00,19:00:00,5,Break stuff where off center maybe material which. Pressure hundred scientist street entire.,2025-01-06 08:15:38.608271,2025-01-06 08:15:38.608271
111,3,Jason Widjaja,jason.widjaja@example.com,+62 8123362967,2025-01-29,10:00:00,12:00:00,5,Nearly care skill table.,2025-01-06 08:15:38.608353,2025-01-06 08:15:38.608354
112,4,Sophia Lim,sophia.lim@example.com,+62 8123402294,2025-02-03,12:00:00,14:00:00,9,Direction owner college another middle conference. Myself rather Republican than history.,2025-01-06 08:15:38.608401,2025-01-06 08:15:38.608402
113,9,Daniel Gunawan,daniel.gunawan@example.com,+62 8123865038,2025-01-30,13:00:00,15:00:00,6,Continue deal what daughter. Foot serious prove.,2025-01-06 08:15:38.608437,2025-01-06 08:15:38.608437
114,7,Steven Huang,steven.huang@example.com,+62 8123661581,2025-01-09,20:00:00,22:00:00,3,Factor account ball seem can. Threat under Congress kid year life job.,2025-01-06 08:15:38.608478,2025-01-06 08:15:38.608479
115,1,Kevin Harsono,kevin.harsono@example.com,+62 8123259023,2025-01-27,19:00:00,21:00:00,3,Fish mean college Republican beautiful. That number chair offer yeah.,2025-01-06 08:15:38.608552,2025-01-06 08:15:38.608553
116,3,Jason Widjaja,jason.widjaja@example.com,+62 8123418975,2025-01-30,19:00:00,21:00:00,8,Partner employee between charge common.,2025-01-06 08:15:38.608607,2025-01-06 08:15:38.608607
117,8,Cindy Kusuma,cindy.kusuma@example.com,+62 8123229141,2025-01-23,13:00:00,15:00:00,2,Son lose hour small large open. Create us local.,2025-01-06 08:15:38.608668,2025-01-06 08:15:38.608669
118,4,Sophia Lim,sophia.lim@example.com,+62 8123140701,2025-01-09,10:00:00,12:00:00,6,Bed ever court thousand drug. Financial positive finally name market.,2025-01-06 08:15:38.608714,2025-01-06 08:15:38.608715
119,9,Daniel Gunawan,daniel.gunawan@example.com,+62 8123962133,2025-02-05,11:00:00,13:00:00,5,Religious small hold her describe. Professor big find movement choose. Run enter short hour.,2025-01-06 08:15:38.608751,2025-01-06 08:15:38.608751
120,3,Jason Widjaja,jason.widjaja@example.com,+62 8123441553,2025-02-03,14:00:00,16:00:00,7,Thousand ago land let government thing. Someone deep use case decision. Doctor economy usually Mrs.,2025-01-06 08:15:38.608828,2025-01-06 08:15:38.608829
121,8,Cindy Kusuma,cindy.kusuma@example.com,+62 8123790552,2025-01-16,13:00:00,15:00:00,5,Shoulder have former make man. Born cultural town relate. Response floor decade computer.,2025-01-06 08:15:38.608914,2025-01-06 08:15:38.608915
122,7,Steven Huang,steven.huang@example.com,+62 8123434460,2025-01-17,12:00:00,14:00:00,7,Single team election push.,2025-01-06 08:15:38.608979,2025-01-06 08:15:38.608980
123,8,Cindy Kusuma,cindy.kusuma@example.com,+62 8123595951,2025-02-05,18:00:00,20:00:00,5,Mr investment nature. Arrive rest north send politics. Again under city baby.,2025-01-06 08:15:38.609047,2025-01-06 08:15:38.609048
124,4,Sophia Lim,sophia.lim@example.com,+62 8123167080,2025-01-11,10:00:00,12:00:00,3,Operation lead his room end. He plan tell same return exactly last.,2025-01-06 08:15:38.609113,2025-01-06 08:15:38.609114
125,3,Jason Widjaja,jason.widjaja@example.com,+62 8123501664,2025-01-11,15:00:00,17:00:00,3,Not our we. Play only manager run.,2025-01-06 08:15:38.609163,2025-01-06 08:15:38.609164
126,7,Steven Huang,steven.huang@example.com,+62 8123859568,2025-01-18,17:00:00,19:00:00,4,Senior instead positive nothing central. Particularly section herself every nice do.,2025-01-06 08:15:38.609213,2025-01-06 08:15:38.609214
127,10,Grace Santoso,grace.santoso@example.com,+62 8123798842,2025-01-20,20:00:00,22:00:00,7,Admit make maybe green point the everybody. Process phone third course.,2025-01-06 08:15:38.609280,2025-01-06 08:15:38.609281
128,3,Jason Widjaja,jason.widjaja@example.com,+62 8123678886,2025-01-20,16:00:00,18:00:00,10,"Down attorney scientist hard rise body.
Mind list finally. These avoid money.",2025-01-06 08:15:38.609367,2025-01-06 08:15:38.609368
129,6,Angela Setiawan,angela.setiawan@example.com,+62 8123404809,2025-01-26,14:00:00,16:00:00,9,Owner send usually natural. Accept third finally discover. Employee conference rich much.,2025-01-06 08:15:38.609420,2025-01-06 08:15:38.609421
130,4,Sophia Lim,sophia.lim@example.com,+62 8123168265,2025-01-20,09:00:00,11:00:00,5,My subject behavior similar report owner.,2025-01-06 08:15:38.609475,2025-01-06 08:15:38.609475
131,6,Angela Setiawan,angela.setiawan@example.com,+62 8123456710,2025-01-09,18:00:00,20:00:00,7,Story former management scene later player.,2025-01-06 08:15:38.609602,2025-01-06 08:15:38.609603
132,9,Daniel Gunawan,daniel.gunawan@example.com,+62 8123875554,2025-02-05,16:00:00,18:00:00,10,Million happy participant above. Argue pretty help material. Religious myself range my mention.,2025-01-06 08:15:38.609648,2025-01-06 08:15:38.609649
133,7,Steven Huang,steven.huang@example.com,+62 8123786713,2025-01-23,16:00:00,18:00:00,3,Charge respond write west. Knowledge newspaper dark couple drive. Generation take nature.,2025-01-06 08:15:38.609696,2025-01-06 08:15:38.609697
134,4,Sophia Lim,sophia.lim@example.com,+62 8123195840,2025-01-22,13:00:00,15:00:00,5,Clearly with technology our more pressure support. Myself agent woman nice top about.,2025-01-06 08:15:38.609741,2025-01-06 08:15:38.609742
135,2,Michelle Tan,michelle.tan@example.com,+62 8123133334,2025-01-15,18:00:00,20:00:00,3,Full everybody former radio. National hold turn guess upon debate win site.,2025-01-06 08:15:38.609799,2025-01-06 08:15:38.609800
136,1,Kevin Harsono,kevin.harsono@example.com,+62 8123893946,2025-01-30,10:00:00,12:00:00,3,Contain image appear rich where. Can southern citizen.,2025-01-06 08:15:38.609847,2025-01-06 08:15:38.609848
137,1,Kevin Harsono,kevin.harsono@example.com,+62 8123296618,2025-01-10,15:00:00,17:00:00,5,Gas individual too hundred too back challenge. Weight left practice to relationship home large.,2025-01-06 08:15:38.609900,2025-01-06 08:15:38.609901
138,1,Kevin Harsono,kevin.harsono@example.com,+62 8123147156,2025-01-14,19:00:00,21:00:00,5,Only every may pay me. Rule second foreign rise agree education fall.,2025-01-06 08:15:38.609958,2025-01-06 08:15:38.609958
139,3,Jason Widjaja,jason.widjaja@example.com,+62 8123215943,2025-01-15,18:00:00,20:00:00,4,Become over system population front.,2025-01-06 08:15:38.609992,2025-01-06 08:15:38.609992
140,2,Michelle Tan,michelle.tan@example.com,+62 8123580090,2025-01-23,13:00:00,15:00:00,3,Against improve look just those. Someone read ask large spring. Instead then development already.,2025-01-06 08:15:38.610073,2025-01-06 08:15:38.610074
141,10,Grace Santoso,grace.santoso@example.com,+62 8123694171,2025-01-26,11:00:00,13:00:00,1,Short reveal themselves. Along few cover great stop onto edge.,2025-01-06 08:15:38.610117,2025-01-06 08:15:38.610117
142,1,Kevin Harsono,kevin.harsono@example.com,+62 8123416438,2025-01-16,12:00:00,14:00:00,6,"Off smile whole weight as choose. Provide possible big.
Perform benefit seem wife.",2025-01-06 08:15:38.610185,2025-01-06 08:15:38.610185
143,8,Cindy Kusuma,cindy.kusuma@example.com,+62 8123415087,2025-01-17,19:00:00,21:00:00,6,Full fund participant cup of factor argue. Increase either lawyer billion your easy.,2025-01-06 08:15:38.610329,2025-01-06 08:15:38.610330
144,8,Cindy Kusuma,cindy.kusuma@example.com,+62 8123870853,2025-02-03,20:00:00,22:00:00,10,"Usually song sign cover personal tend.
Responsibility me central whether. Rate put game culture.",2025-01-06 08:15:38.610398,2025-01-06 08:15:38.610399
145,9,Daniel Gunawan,daniel.gunawan@example.com,+62 8123138848,2025-01-14,18:00:00,20:00:00,7,Animal account especially special it. Decade race if dog across.,2025-01-06 08:15:38.610472,2025-01-06 08:15:38.610473
146,3,Jason Widjaja,jason.widjaja@example.com,+62 8123909589,2025-01-16,09:00:00,11:00:00,3,Fight discussion firm serious choose Democrat authority spend.,2025-01-06 08:15:38.610508,2025-01-06 08:15:38.610509
147,2,Michelle Tan,michelle.tan@example.com,+62 8123387531,2025-01-07,16:00:00,18:00:00,2,Laugh since maybe. Item give arm charge type perhaps source ball.,2025-01-06 08:15:38.610559,2025-01-06 08:15:38.610560
148,3,Jason Widjaja,jason.widjaja@example.com,+62 8123692934,2025-01-08,13:00:00,15:00:00,2,Rise part move despite movement executive. So film least finally prepare manager.,2025-01-06 08:15:38.610599,2025-01-06 08:15:38.610600
149,7,Steven Huang,steven.huang@example.com,+62 8123522284,2025-02-01,15:00:00,17:00:00,9,Seem surface activity including lose throughout man PM. Ball security job participant civil main.,2025-01-06 08:15:38.610666,2025-01-06 08:15:38.610667
150,5,William Tjoa,william.tjoa@example.com,+62 8123762403,2025-01-23,13:00:00,15:00:00,10,Else concern news building blue between time. Main despite still stuff nearly.,2025-01-06 08:15:38.610750,2025-01-06 08:15:38.610751
151,1,Kevin Harsono,kevin.harsono@example.com,+62 8123348890,2025-01-15,19:00:00,21:00:00,9,Want husband recognize himself. Interesting dog society thought.,2025-01-06 08:15:38.610817,2025-01-06 08:15:38.610818
152,6,Angela Setiawan,angela.setiawan@example.com,+62 8123767983,2025-01-22,16:00:00,18:00:00,3,Lot community dark. Sound almost who lay of.,2025-01-06 08:15:38.610885,2025-01-06 08:15:38.610885
153,8,Cindy Kusuma,cindy.kusuma@example.com,+62 8123569063,2025-01-12,13:00:00,15:00:00,4,Single before body job including. Nation make quality project close federal wind.,2025-01-06 08:15:38.610937,2025-01-06 08:15:38.610938
154,10,Grace Santoso,grace.santoso@example.com,+62 8123792392,2025-01-19,19:00:00,21:00:00,8,Drug executive sell run section low page. News sure above protect.,2025-01-06 08:15:38.610986,2025-01-06 08:15:38.610986
155,4,Sophia Lim,sophia.lim@example.com,+62 8123602727,2025-01-31,09:00:00,11:00:00,8,"Box out city at air bad smile.
Team myself the other. Music fall true.",2025-01-06 08:15:38.611028,2025-01-06 08:15:38.611028
156,10,Grace Santoso,grace.santoso@example.com,+62 8123816768,2025-01-14,12:00:00,14:00:00,6,Serve father open. Guy how serve whose serious. Show society skin ok.,2025-01-06 08:15:38.611075,2025-01-06 08:15:38.611076
157,7,Steven Huang,steven.huang@example.com,+62 8123370087,2025-01-28,09:00:00,11:00:00,7,Goal simple sister citizen. Hit only interesting star former although.,2025-01-06 08:15:38.611146,2025-01-06 08:15:38.611147
158,9,Daniel Gunawan,daniel.gunawan@example.com,+62 8123874088,2025-01-10,09:00:00,11:00:00,7,Eye behavior save trip. Push our movement example toward answer.,2025-01-06 08:15:38.611225,2025-01-06 08:15:38.611226
159,2,Michelle Tan,michelle.tan@example.com,+62 8123497775,2025-01-16,18:00:00,20:00:00,9,Agent develop not also he offer. Without task property board turn cold key.,2025-01-06 08:15:38.611262,2025-01-06 08:15:38.611263
160,6,Angela Setiawan,angela.setiawan@example.com,+62 8123675203,2025-02-04,13:00:00,15:00:00,9,Prepare talk similar industry two tend hand. Matter character prevent interest into other safe.,2025-01-06 08:15:38.611313,2025-01-06 08:15:38.611314
